Name,Bild-URL,Instagram
Max Mustermann,https://i.pravatar.cc/150?img=1,@max_fpv
Anna Schmidt,https://i.pravatar.cc/150?img=2,@anna_flies
Thomas Weber,https://i.pravatar.cc/150?img=3,
Julia Hoffmann,https://i.pravatar.cc/150?img=4,@julia_fpv_ooe
Michael Bauer,https://i.pravatar.cc/150?img=5,@mike_b_fpv
Sarah Klein,https://i.pravatar.cc/150?img=6,
David MÃ¼ller,https://i.pravatar.cc/150?img=7,@david_drone
Lisa Wagner,https://i.pravatar.cc/150?img=8,
Markus Fischer,https://i.pravatar.cc/150?img=9,@markus_fpv
Elena Wolf,https://i.pravatar.cc/150?img=10,@elena_races
Stefan Richter,https://i.pravatar.cc/150?img=11,
Laura Meier,https://i.pravatar.cc/150?img=12,@laura_fpv
Christian Schulz,https://i.pravatar.cc/150?img=13,@chris_fpv_ooe
Sabine Koch,https://i.pravatar.cc/150?img=14,
Tim Bauer,https://i.pravatar.cc/150?img=15,@tim_drone
Nina Peters,https://i.pravatar.cc/150?img=16,@nina_fpv
Robert Klein,https://i.pravatar.cc/150?img=17,
Melanie Lange,https://i.pravatar.cc/150?img=18,@melanie_races
Patrick Huber,https://i.pravatar.cc/150?img=19,@patrick_fpv
Jennifer Ziegler,https://i.pravatar.cc/150?img=20,@jenny_fpv_ooe